{"cameraMode":{"drawMode":0,"name":"Shaded","section":"Shading Mode"},"sceneLighting":false,"audioPlay":false,"sceneViewState":{"showFog":true,"showMaterialUpdate":false,"showSkybox":true,"showFlares":true,"showImageEffects":true,"showParticleSystems":true},"in2DMode":false,"pivot":{"x":-7.534051895141602,"y":-6.418118476867676,"z":-4.6351823806762699},"rotation":{"x":0.07321053743362427,"y":0.07770982384681702,"z":-0.005726941395550966,"w":0.9942678809165955},"size":34.76017761230469,"orthographic":false}