{"cameraMode":{"drawMode":0,"name":"Shaded","section":"Shading Mode"},"sceneLighting":false,"audioPlay":false,"sceneViewState":{"showFog":true,"showMaterialUpdate":false,"showSkybox":true,"showFlares":true,"showImageEffects":true,"showParticleSystems":true},"in2DMode":false,"pivot":{"x":-10.974052429199219,"y":7.7945451736450199,"z":-4.6401824951171879},"rotation":{"x":0.07321053743362427,"y":0.07770982384681702,"z":-0.005726941395550966,"w":0.9942678809165955},"size":11.866394996643067,"orthographic":false}